<?xml version="1.0" encoding="utf-8"?>
<Item id="X0.52400352153" TextType="CompleteItem" SchemaVersion="2.0" PageStartNumber="1" Template="Generic_A4_Unnumbered" Module="default" DiscussionAlias="Discussion" SessionAlias="" SecondColour="None" ThirdColour="None" FourthColour="None" Logo="colour" Rendering="">
    <CourseCode>HD-WS</CourseCode>
    <CourseTitle>Howard's Work-Space   </CourseTitle>
    <ItemID>testing            </ItemID>
    <ItemTitle>Testing Table Parent</ItemTitle>
    <FrontMatter>
<ByLine/><Imprint><Standard><GeneralInfo><Paragraph/></GeneralInfo><Address><AddressLine>The Open University</AddressLine><AddressLine>Walton Hall,</AddressLine><AddressLine>Milton Keynes</AddressLine><AddressLine>MK7 6AA</AddressLine></Address><FirstPublished><Paragraph>First published year.</Paragraph></FirstPublished><Copyright><Paragraph>© 2006 The Open University</Paragraph></Copyright><Rights><Paragraph>All rights reserved. No part of this publication may be reproduced, stored in a retrieval system, or transmitted in any form or by any means, electronic, mechanical, photocopying, recording, or otherwise without either the prior written permission of the publishers or a licence permitting restricted copying issued by the Copyright Licensing Agency, 90 Tottenham Court Road, London W1P 0LP. This material may not be lent, resold, hired out or otherwise disposed of by way of trade in any form of binding or cover other than that in which it is published, without the prior consent of the Publishers.</Paragraph></Rights><Edited><Paragraph>Edited, designed and typeset by The Open University</Paragraph></Edited><Typeset><Paragraph/></Typeset><Printed><Paragraph>Printed in the United Kingdom by printer</Paragraph></Printed><ISBN>ISBN number</ISBN><Edition>number</Edition></Standard></Imprint>
    </FrontMatter>
    <Unit>
        <UnitID/>
        <UnitTitle/>
        <ByLine/>
        <Introduction>
            <Title>Introduction</Title>
            <Paragraph>add at least one paragraph of text here</Paragraph>
        </Introduction>
        
        <Session>
            <Title>first session</Title>
            <Paragraph>some text for session one</Paragraph>
             <MediaContent id="oxymoron1" resource1="none" webthumbnail="false" src="\\esaki\lts-common$\Howard\table_saver.zip" type="html5" width="512" target="" supportDoc="" height="500" >
             </MediaContent>
        </Session>
        
        <Session>
            <Title>second session</Title>
            <Paragraph>some text for session two</Paragraph>
            <MediaContent id="oxymoron2" resource1="none" webthumbnail="false" src="\\esaki\lts-common$\Howard\table_saver.zip" type="html5" width="512" target="" supportDoc="" height="500" >
                 <Parameters>
                    <Parameter name="parent_activity_id" value="oxymoron1"/>
                 </Parameters>
             </MediaContent>
        </Session>
        
        <Session>
            <Title>third session</Title>
            <Paragraph>some text for session three</Paragraph>
            <MediaContent id="oxymoron3" resource1="none" webthumbnail="false" src="\\esaki\lts-common$\Howard\table_saver.zip" type="html5" width="512" target="" supportDoc="" height="500" >
                <Parameters>
                    <Parameter name="parent_activity_id" value="oxymoron1"/>
                </Parameters>
            </MediaContent>
        </Session>
        
    </Unit>
</Item>
